"Model","Classification Error","Standard Deviation","Gains","Total Time","Training Time (1,000 Rows)","Scoring Time (1,000 Rows)"
"Naive Bayes",0.28474086969136475,0.0053463165085245535,1958.0,52089.0,15.577889447236181,224.5603015075377
"Generalized Linear Model",0.31266407959477266,0.0021248231260823777,1704.0,56999.0,46.733668341708544,200.53391959798995
"Logistic Regression",0.3133239038189533,0.0019234962775212846,1698.0,55150.0,17.902010050251256,145.7286432160804
"Fast Large Margin",0.39107581087779114,0.010152983802819354,990.0,83166.0,152.44974874371857,143.37311557788945
"Deep Learning",0.22224615868180225,0.0032907744735113376,2526.0,106061.0,416.7713567839196,228.01507537688443
"Decision Tree",0.3016037427918616,0.008938611766892621,1804.0,60688.0,13.944723618090453,141.80276381909547
"Random Forest",0.2625346051088625,0.0105198551179729,2160.0,236086.0,22.8643216080402,472.6758793969849
"Gradient Boosted Trees",0.18531413580918532,0.007396538384201059,2862.0,310644.0,293.4045226130653,590.9233668341709
