"Model","Precision","Standard Deviation","Gains","Total Time","Training Time (1,000 Rows)","Scoring Time (1,000 Rows)"
"Naive Bayes",0.7476695670923619,0.008591921226466449,1958.0,52089.0,15.577889447236181,224.5603015075377
"Generalized Linear Model",0.6519448190506065,0.002557588621927297,1704.0,56999.0,46.733668341708544,200.53391959798995
"Logistic Regression",0.6515733365445695,0.0025212507310823414,1698.0,55150.0,17.902010050251256,145.7286432160804
"Fast Large Margin",0.6112165991665917,0.007326906028773737,990.0,83166.0,152.44974874371857,143.37311557788945
"Deep Learning",0.7548758783458991,0.007380315043900304,2526.0,106061.0,416.7713567839196,228.01507537688443
"Decision Tree",0.8255879158782091,0.015411553878027314,1804.0,60688.0,13.944723618090453,141.80276381909547
"Random Forest",0.7759832485814813,0.014220165133571426,2160.0,236086.0,22.8643216080402,472.6758793969849
"Gradient Boosted Trees",0.7924661297496829,0.007526589916013996,2862.0,310644.0,293.4045226130653,590.9233668341709
