"Model","AUC","Standard Deviation","Gains","Total Time","Training Time (1,000 Rows)","Scoring Time (1,000 Rows)"
"Naive Bayes",0.7496175890659253,0.012640334349303138,1720.0,7475.0,10.200000000000001,678.25
"Generalized Linear Model",0.9268814490982867,0.010376753567160436,3312.0,6676.0,86.15,257.875
"Logistic Regression",0.8475812278789508,0.006986831998215225,2876.0,5316.0,30.65,378.875
"Deep Learning",0.9328248808984372,0.004709843751392552,2860.0,22540.0,535.5999999999999,326.5
"Decision Tree",0.6847735026803764,0.02269680267585962,-16.0,6064.0,14.05,297.0
"Random Forest",0.8939775635922753,0.008536353096836457,3354.0,107531.0,71.9,597.0
"Gradient Boosted Trees",0.8803828846185485,0.010275853334129937,3490.0,112912.0,353.6,695.0
"Support Vector Machine",0.7181659313317376,0.01569020966601269,0.0,3075279.0,40138.26666666667,25779.833333333332
