"Model","Classification Error","Standard Deviation","Gains","Total Time","Training Time (1,000 Rows)","Scoring Time (1,000 Rows)"
"Naive Bayes",0.3494313210848644,0.011231360655034125,1720.0,7475.0,10.200000000000001,678.25
"Generalized Linear Model",0.21018734304446615,0.010014026879317118,3312.0,6676.0,86.15,257.875
"Logistic Regression",0.24829396325459321,0.0077119513109490685,2876.0,5316.0,30.65,378.875
"Deep Learning",0.24969378827646543,0.008718231438916653,2860.0,22540.0,535.5999999999999,326.5
"Decision Tree",0.501400131463427,0.005067599712537911,-16.0,6064.0,14.05,297.0
"Random Forest",0.20647419072615922,0.009007550429560071,3354.0,107531.0,71.9,597.0
"Gradient Boosted Trees",0.19460938661126204,0.00747897175496184,3490.0,112912.0,353.6,695.0
"Support Vector Machine",0.5,5.834305718295485E-4,0.0,3075279.0,40138.26666666667,25779.833333333332
