"Model","F Measure","Standard Deviation","Gains","Total Time","Training Time (1,000 Rows)","Scoring Time (1,000 Rows)"
"Naive Bayes",0.7285945567989314,0.0065252629926662465,1720.0,7475.0,10.200000000000001,678.25
"Generalized Linear Model",0.8246875439443784,0.006946782265270114,3312.0,6676.0,86.15,257.875
"Logistic Regression",0.8008670998131541,0.0049269479091098994,2876.0,5316.0,30.65,378.875
"Deep Learning",0.7999740091762494,0.005588538689300679,2860.0,22540.0,535.5999999999999,326.5
"Decision Tree",0.6522617344677445,0.003095445854203939,-16.0,6064.0,14.05,297.0
"Random Forest",0.8077548585443193,0.008232045374241473,3354.0,107531.0,71.9,597.0
"Gradient Boosted Trees",0.8037208569220882,0.007942705472827062,3490.0,112912.0,353.6,695.0
"Support Vector Machine",0.666666505295984,5.186050391188075E-4,0.0,3075279.0,40138.26666666667,25779.833333333332
