"Model","Precision","Standard Deviation","Gains","Total Time","Training Time (1,000 Rows)","Scoring Time (1,000 Rows)"
"Naive Bayes",0.5958097169273895,0.00901751656775319,1720.0,7475.0,10.200000000000001,678.25
"Generalized Linear Model",0.707528269517411,0.009975039834346874,3312.0,6676.0,86.15,257.875
"Logistic Regression",0.6685166518321091,0.00662951397318565,2876.0,5316.0,30.65,378.875
"Deep Learning",0.6672783309221985,0.007429372881691666,2860.0,22540.0,535.5999999999999,326.5
"Decision Tree",0.4992655190119654,0.002504731497034359,-16.0,6064.0,14.05,297.0
"Random Forest",0.7556488655362547,0.009985933536118877,3354.0,107531.0,71.9,597.0
"Gradient Boosted Trees",0.8107191054740953,0.010124482428590912,3490.0,112912.0,353.6,695.0
"Support Vector Machine",0.5,5.834305717106158E-4,0.0,3075279.0,40138.26666666667,25779.833333333332
