"Model","Recall","Standard Deviation","Gains","Total Time","Training Time (1,000 Rows)","Scoring Time (1,000 Rows)"
"Naive Bayes",0.9377230475304031,0.009191717177065016,1720.0,7475.0,10.200000000000001,678.25
"Generalized Linear Model",0.9884499038614626,0.004564651063730501,3312.0,6676.0,86.15,257.875
"Logistic Regression",0.9986001739066538,7.825280728034595E-4,2876.0,5316.0,30.65,378.875
"Deep Learning",0.9985995615592813,0.0014650716416218677,2860.0,22540.0,535.5999999999999,326.5
"Decision Tree",0.9405000428643161,0.00808981033964547,-16.0,6064.0,14.05,297.0
"Random Forest",0.8676894908943946,0.011704012161984991,3354.0,107531.0,71.9,597.0
"Gradient Boosted Trees",0.7969890879698236,0.01317307017149162,3490.0,112912.0,353.6,695.0
"Support Vector Machine",1.0,0.0,0.0,3075279.0,40138.26666666667,25779.833333333332
