"Model","Accuracy","Standard Deviation","Gains","Total Time","Training Time (1,000 Rows)","Scoring Time (1,000 Rows)"
"Naive Bayes",0.6505686789151357,0.011231360655032581,1720.0,7475.0,10.200000000000001,678.25
"Generalized Linear Model",0.7898126569555337,0.010014026879327946,3312.0,6676.0,86.15,257.875
"Logistic Regression",0.7517060367454068,0.007711951310953567,2876.0,5316.0,30.65,378.875
"Deep Learning",0.7503062117235345,0.008718231438923616,2860.0,22540.0,535.5999999999999,326.5
"Decision Tree",0.498599868536573,0.005067599712541334,-16.0,6064.0,14.05,297.0
"Random Forest",0.7935258092738408,0.009007550429561997,3354.0,107531.0,71.9,597.0
"Gradient Boosted Trees",0.8053906133887381,0.007478971754946184,3490.0,112912.0,353.6,695.0
"Support Vector Machine",0.5,5.834305717106158E-4,0.0,3075279.0,40138.26666666667,25779.833333333332
