"Model","Accuracy","Standard Deviation","Gains","Total Time","Training Time (1,000 Rows)","Scoring Time (1,000 Rows)"
"Naive Bayes",0.7152591303086352,0.005346316508539155,1958.0,52089.0,15.577889447236181,224.5603015075377
"Generalized Linear Model",0.6873359204052273,0.002124823126119116,1704.0,56999.0,46.733668341708544,200.53391959798995
"Logistic Regression",0.6866760961810466,0.0019234962775393218,1698.0,55150.0,17.902010050251256,145.7286432160804
"Fast Large Margin",0.6089241891222089,0.010152983802821062,990.0,83166.0,152.44974874371857,143.37311557788945
"Deep Learning",0.7777538413181977,0.0032907744735350595,2526.0,106061.0,416.7713567839196,228.01507537688443
"Decision Tree",0.6983962572081384,0.008938611766901354,1804.0,60688.0,13.944723618090453,141.80276381909547
"Random Forest",0.7374653948911375,0.01051985511797455,2160.0,236086.0,22.8643216080402,472.6758793969849
"Gradient Boosted Trees",0.8146858641908146,0.007396538384211027,2862.0,310644.0,293.4045226130653,590.9233668341709
