"Model","AUC","Standard Deviation","Gains","Total Time","Training Time (1,000 Rows)","Scoring Time (1,000 Rows)"
"Naive Bayes",0.7977803740530172,0.007470560559237517,1958.0,52089.0,15.577889447236181,224.5603015075377
"Generalized Linear Model",0.7538821217510275,0.005782356485232144,1704.0,56999.0,46.733668341708544,200.53391959798995
"Logistic Regression",0.7539024176675329,0.005767914003888828,1698.0,55150.0,17.902010050251256,145.7286432160804
"Fast Large Margin",0.6672940519324788,0.012490334804903972,990.0,83166.0,152.44974874371857,143.37311557788945
"Deep Learning",0.8627023444677496,0.003756355470041611,2526.0,106061.0,416.7713567839196,228.01507537688443
"Decision Tree",0.8258207499041113,0.007587409769340481,1804.0,60688.0,13.944723618090453,141.80276381909547
"Random Forest",0.828696327828631,0.010565810534595776,2160.0,236086.0,22.8643216080402,472.6758793969849
"Gradient Boosted Trees",0.8983774076530988,0.007493278653415755,2862.0,310644.0,293.4045226130653,590.9233668341709
