"Model","Recall","Standard Deviation","Gains","Total Time","Training Time (1,000 Rows)","Scoring Time (1,000 Rows)"
"Naive Bayes",0.6499540107469624,0.005622386487239433,1958.0,52089.0,15.577889447236181,224.5603015075377
"Generalized Linear Model",0.8038689064239726,0.007218418526477358,1704.0,56999.0,46.733668341708544,200.53391959798995
"Logistic Regression",0.8025502251052913,0.006676286219398385,1698.0,55150.0,17.902010050251256,145.7286432160804
"Fast Large Margin",0.5976143680108439,0.027175247791496594,990.0,83166.0,152.44974874371857,143.37311557788945
"Deep Learning",0.8227806554678802,0.013398817554891355,2526.0,106061.0,416.7713567839196,228.01507537688443
"Decision Tree",0.5030740184925206,0.01623468539628083,1804.0,60688.0,13.944723618090453,141.80276381909547
"Random Forest",0.667986638911749,0.01642577933984349,2160.0,236086.0,22.8643216080402,472.6758793969849
"Gradient Boosted Trees",0.852685288280002,0.015586202165445038,2862.0,310644.0,293.4045226130653,590.9233668341709
